,Run_ID,Assay_Name,Test_Name,Test_Date,Qubit_tube_conc,Units,Original_sample_conc,Units.1,Sample_Volume,Dilution_Factor,Std_1_RFU,Std_2_RFU,Excitation,Emission,Far_Red_RFU,tube_number,Sample_Day,Uniq_ID,infection_status,maturity,treatment_tank,temperature_treatment,comments
1,2018-03-26_132437,RNA High sensitivity,Sample_#180326-132528,3/26/18 13:25,0,ng/mL,0,ng/uL,5,40,84.14,1510.54,Red,Far Red,88.15,465,26,6134_465_26,1,I,7,ambient,
2,2018-03-26_132437,RNA High sensitivity,Sample_#180326-132518,3/26/18 13:25,42.8,ng/mL,1.71,ng/uL,5,40,84.14,1510.54,Red,Far Red,214.08,77,9,6134_77_9,1,I,7,ambient,
3,2018-03-26_133510,RNA High sensitivity,Sample_#180326-133550,3/26/18 13:35,0,ng/mL,0,ng/uL,5,40,88.44,1478.42,Red,Far Red,103.55,508,26,6159_508_26,1,I,9,ambient,
4,2018-03-26_133510,RNA High sensitivity,Sample_#180326-133542,3/26/18 13:35,50,ng/mL,2,ng/uL,5,40,88.44,1478.42,Red,Far Red,238.02,313,12,6159_313_12,1,I,9,ambient,
5,2018-03-27_150807,RNA High sensitivity,Sample_#180327-150845,3/27/18 15:08,45.1,ng/mL,1.8,ng/uL,5,40,77.85,1247.39,Red,Far Red,190.52,498,26,6130_498_26,0,I,8,ambient,
6,2018-03-27_150807,RNA High sensitivity,Sample_#180327-150836,3/27/18 15:08,0,ng/mL,0,ng/uL,5,40,77.85,1247.39,Red,Far Red,90.59,65,9,6142_65_9,0,I,7,ambient,
7,2018-03-28_141627,RNA High sensitivity,Sample_#180328-141720,3/28/18 14:17,129,ng/mL,5.16,ng/uL,5,40,82.59,1247.92,Red,Far Red,419.21,469,26,6165_469_26,0,I,7,ambient,
8,2018-03-28_141627,RNA High sensitivity,Sample_#180328-141656,3/28/18 14:16,28.9,ng/mL,1.16,ng/uL,5,40,82.59,1247.92,Red,Far Red,152.01,55,9,6165_55_9,0,I,7,ambient,
9,2018-04-03_150806,RNA High sensitivity,Sample_#180403-150850,4/3/18 15:08,89.4,ng/mL,3.58,ng/uL,5,40,82.44,1309.95,Red,Far Red,325.91,457,26,6215_253_26,1,I,3,cold,
10,2018-04-03_150806,RNA High sensitivity,Sample_#180403-150840,4/3/18 15:08,126,ng/mL,5.04,ng/uL,5,40,82.44,1309.95,Red,Far Red,429.61,46,9,6103_46_9,1,I,1,cold,
11,2018-04-04_135753,RNA High sensitivity,Sample_#180404-135829,4/4/18 13:58,68.8,ng/mL,2.75,ng/uL,5,40,80.51,1258.54,Red,Far Red,258.27,428,26,6198_428_26,1,I,2,cold,
12,2018-04-04_135753,RNA High sensitivity,Sample_#180404-135821,4/4/18 13:58,33,ng/mL,1.32,ng/uL,5,40,80.51,1258.54,Red,Far Red,161.51,154,9,6198_154_9,1,I,2,cold,
13,2018-04-06_133810,RNA High sensitivity,Sample_#180406-133933,4/6/18 13:39,46.1,ng/mL,1.84,ng/uL,5,40,76.57,1141.15,Red,Far Red,181.53,477,26,6144_477_26,1,I,7,ambient,
14,2018-04-06_133810,RNA High sensitivity,Sample_#180406-133923,4/6/18 13:39,26.9,ng/mL,1.08,ng/uL,5,40,76.57,1141.15,Red,Far Red,135.44,492,26,6135_492_26,1,I,8,ambient,
15,2018-04-06_133810,RNA High sensitivity,Sample_#180406-133914,4/6/18 13:39,67,ng/mL,2.68,ng/uL,5,40,76.57,1141.15,Red,Far Red,232.63,353,12,6134_353_12,1,I,7,ambient,
16,2018-04-06_133810,RNA High sensitivity,Sample_#180406-133905,4/6/18 13:39,144,ng/mL,5.76,ng/uL,5,40,76.57,1141.15,Red,Far Red,420.6,348,12,6144_348_12,1,I,7,ambient,
17,2018-04-06_133810,RNA High sensitivity,Sample_#180406-133855,4/6/18 13:38,50.2,ng/mL,2.01,ng/uL,5,40,76.57,1141.15,Red,Far Red,191.55,327,12,6135_327_12,1,I,8,ambient,
18,2018-04-06_133810,RNA High sensitivity,Sample_#180406-133846,4/6/18 13:38,123,ng/mL,4.92,ng/uL,5,40,76.57,1141.15,Red,Far Red,370.19,14,9,6144_14_9,1,I,7,ambient,
19,2018-04-06_133810,RNA High sensitivity,Sample_#180406-133835,4/6/18 13:38,88,ng/mL,3.52,ng/uL,5,40,76.57,1141.15,Red,Far Red,284.34,4,9,6135_4_9,1,I,8,ambient,
20,2018-04-06_140231,RNA High sensitivity,Sample_#180406-140402,4/6/18 14:04,0,ng/mL,0,ng/uL,5,40,78.71,1199.13,Red,Far Red,73.92,505,26,6145_505_26,1,I,9,ambient,
21,2018-04-06_140231,RNA High sensitivity,Sample_#180406-140351,4/6/18 14:03,0,ng/mL,0,ng/uL,5,40,78.71,1199.13,Red,Far Red,92.72,476,26,6155_476_26,1,I,7,ambient,
22,2018-04-06_140231,RNA High sensitivity,Sample_#180406-140342,4/6/18 14:03,92.8,ng/mL,3.71,ng/uL,5,40,78.71,1199.13,Red,Far Red,309.77,358,12,6155_358_12,1,I,7,ambient,
23,2018-04-06_140231,RNA High sensitivity,Sample_#180406-140332,4/6/18 14:03,61.1,ng/mL,2.44,ng/uL,5,40,78.71,1199.13,Red,Far Red,227.79,305,12,6145_305_12,1,I,9,ambient,#4
24,2018-04-06_140231,RNA High sensitivity,Sample_#180406-140317,4/6/18 14:03,0,ng/mL,0,ng/uL,5,40,78.71,1199.13,Red,Far Red,102.38,66,9,6155_66_9,1,I,7,ambient,
25,2018-04-06_140231,RNA High sensitivity,Sample_#180406-140308,4/6/18 14:03,58.4,ng/mL,2.34,ng/uL,5,40,78.71,1199.13,Red,Far Red,220.69,59,9,6145_59_9,1,I,9,ambient,
26,2018-04-06_140231,RNA High sensitivity,Sample_#180406-140256,4/6/18 14:02,34.6,ng/mL,1.38,ng/uL,5,40,78.71,1199.13,Red,Far Red,159.9,26,9,6159_26_9,1,I,9,ambient,
27,2018-04-09_131825,RNA High sensitivity,Sample_#180409-132019,4/9/18 13:20,0,ng/mL,0,ng/uL,5,40,95.67,1810.56,Red,Far Red,139.81,474,26,6142_474_26,0,I,7,ambient,
28,2018-04-09_131825,RNA High sensitivity,Sample_#180409-132008,4/9/18 13:20,22,ng/mL,0.88,ng/uL,5,40,95.67,1810.56,Red,Far Red,170.1,507,26,6131_507_26,0,I,9,ambient,
29,2018-04-09_131825,RNA High sensitivity,Sample_#180409-131947,4/9/18 13:19,44.9,ng/mL,1.8,ng/uL,5,40,95.67,1810.56,Red,Far Red,260.07,346,12,6142_346_12,0,I,7,ambient,
30,2018-04-09_131825,RNA High sensitivity,Sample_#180409-131936,4/9/18 13:19,35.6,ng/mL,1.42,ng/uL,5,40,95.67,1810.56,Red,Far Red,223.78,314,12,6131_314_12,0,I,9,ambient,
31,2018-04-09_131825,RNA High sensitivity,Sample_#180409-131924,4/9/18 13:19,22,ng/mL,0.88,ng/uL,5,40,95.67,1810.56,Red,Far Red,172.81,339,12,6130_339_12,0,I,8,ambient,
32,2018-04-09_131825,RNA High sensitivity,Sample_#180409-131912,4/9/18 13:19,0,ng/mL,0,ng/uL,5,40,95.67,1810.56,Red,Far Red,154.82,38,9,6131_38_9,0,I,9,ambient,
33,2018-04-09_131825,RNA High sensitivity,Sample_#180409-131852,4/9/18 13:18,183,ng/mL,7.32,ng/uL,5,40,95.67,1810.56,Red,Far Red,797.42,47,9,6130_47_9,0,I,8,ambient,
34,2018-04-09_133705,RNA High sensitivity,Sample_#180409-133824,4/9/18 13:38,129,ng/mL,5.16,ng/uL,5,40,89.33,1962.33,Red,Far Red,629.14,469,26,6165_469_26,0,I,7,ambient,
35,2018-04-09_133705,RNA High sensitivity,Sample_#180409-133815,4/9/18 13:38,54.4,ng/mL,2.18,ng/uL,5,40,89.33,1962.33,Red,Far Red,309.64,502,26,6146_502_26,0,I,9,ambient,
36,2018-04-09_133705,RNA High sensitivity,Sample_#180409-133806,4/9/18 13:38,139,ng/mL,5.56,ng/uL,5,40,89.33,1962.33,Red,Far Red,672.97,349,12,6166_349_12,0,I,8,ambient,
37,2018-04-09_133705,RNA High sensitivity,Sample_#180409-133757,4/9/18 13:37,38.8,ng/mL,1.55,ng/uL,5,40,89.33,1962.33,Red,Far Red,242.8,360,12,6165_360_12,0,I,7,ambient,
38,2018-04-09_133705,RNA High sensitivity,Sample_#180409-133749,4/9/18 13:37,99.9,ng/mL,4,ng/uL,5,40,89.33,1962.33,Red,Far Red,506,309,12,6146_309_12,0,I,9,ambient,
39,2018-04-09_133705,RNA High sensitivity,Sample_#180409-133740,4/9/18 13:37,43.1,ng/mL,1.72,ng/uL,5,40,89.33,1962.33,Red,Far Red,261.13,21,9,6166_21_9,0,I,8,ambient,
40,2018-04-09_133705,RNA High sensitivity,Sample_#180409-133728,4/9/18 13:37,0,ng/mL,0,ng/uL,5,40,89.33,1962.33,Red,Far Red,95.38,12,9,6146_12_9,0,I,9,ambient,
41,2018-04-10_144639,RNA High sensitivity,Sample_#180410-144712,4/10/18 14:47,70.3,ng/mL,2.81,ng/uL,5,40,84.27,2053.54,Red,Far Red,387.9,88,9,6132_88_9,0,I,1,cold,
42,2018-04-10_144639,RNA High sensitivity,Sample_#180410-144704,4/10/18 14:47,104,ng/mL,4.16,ng/uL,5,40,84.27,2053.54,Red,Far Red,540.88,36,9,6133_36_9,0,I,2,cold,
43,2018-04-10_172219,RNA High sensitivity,Sample_#180410-172346,4/10/18 17:23,97.4,ng/mL,3.9,ng/uL,5,40,89.15,1801.33,Red,Far Red,460.14,434,26,6133_434_26,0,I,2,cold,
44,2018-04-10_172219,RNA High sensitivity,Sample_#180410-172336,4/10/18 17:23,0,ng/mL,0,ng/uL,5,40,89.15,1801.33,Red,Far Red,152.7,406,26,6132_406_26,0,I,1,cold,
45,2018-04-10_172219,RNA High sensitivity,Sample_#180410-172322,4/10/18 17:23,0,ng/mL,0,ng/uL,5,40,89.15,1801.33,Red,Far Red,120.47,461,26,6119_461_26,0,I,3,cold,
46,2018-04-10_172219,RNA High sensitivity,Sample_#180410-172313,4/10/18 17:23,206,ng/mL,8.24,ng/uL,5,40,89.15,1801.33,Red,Far Red,873.37,223,12,6133_223_12,0,I,2,cold,
47,2018-04-10_172219,RNA High sensitivity,Sample_#180410-172304,4/10/18 17:23,40.9,ng/mL,1.64,ng/uL,5,40,89.15,1801.33,Red,Far Red,237.45,205,12,6132_205_12,0,I,1,cold,
48,2018-04-10_172219,RNA High sensitivity,Sample_#180410-172253,4/10/18 17:22,96.4,ng/mL,3.86,ng/uL,5,40,89.15,1801.33,Red,Far Red,456.46,258,12,6119_258_12,0,I,3,cold,
49,2018-04-10_172219,RNA High sensitivity,Sample_#180410-172241,4/10/18 17:22,50.6,ng/mL,2.02,ng/uL,5,40,89.15,1801.33,Red,Far Red,275.44,153,9,6119_153_9,0,I,3,cold,
50,2018-04-20_141741,RNA High sensitivity,Sample_#180420-141824,4/20/18 14:18,77.2,ng/mL,3.09,ng/uL,5,40,89.46,1781.73,Red,Far Red,377.32,86,9,6129_86_9,1,I,5,warm,
51,2018-04-20_141741,RNA High sensitivity,Sample_#180420-141805,4/20/18 14:18,0,ng/mL,0,ng/uL,5,40,89.46,1781.73,Red,Far Red,98.2,120,9,6210_120_9,1,I,4,warm,
52,2018-04-20_142939,RNA High sensitivity,Sample_#180420-143056,4/20/18 14:30,36.4,ng/mL,1.46,ng/uL,5,40,86.13,1769.69,Red,Far Red,214.77,402,26,6180_402_26,0,I,6,warm,
53,2018-04-20_142939,RNA High sensitivity,Sample_#180420-143048,4/20/18 14:30,66,ng/mL,2.64,ng/uL,5,40,86.13,1769.69,Red,Far Red,329.04,403,26,6129_403_26,1,I,5,warm,
54,2018-04-20_142939,RNA High sensitivity,Sample_#180420-143039,4/20/18 14:30,54.6,ng/mL,2.18,ng/uL,5,40,86.13,1769.69,Red,Far Red,285.08,401,26,6210_401_26,1,I,4,warm,
55,2018-04-20_142939,RNA High sensitivity,Sample_#180420-143031,4/20/18 14:30,44.9,ng/mL,1.8,ng/uL,5,40,86.13,1769.69,Red,Far Red,247.3,370,12,6180_370_12,0,I,6,warm,
56,2018-04-20_142939,RNA High sensitivity,Sample_#180420-143021,4/20/18 14:30,0,ng/mL,0,ng/uL,5,40,86.13,1769.69,Red,Far Red,93.15,299,12,6129_299_12,1,I,5,warm,
57,2018-04-20_142939,RNA High sensitivity,Sample_#180420-143011,4/20/18 14:30,61.1,ng/mL,2.44,ng/uL,5,40,86.13,1769.69,Red,Far Red,309.98,274,12,6210_274_12,1,I,4,warm,
58,2018-04-20_142939,RNA High sensitivity,Sample_#180420-143000,4/20/18 14:30,62.7,ng/mL,2.51,ng/uL,5,40,86.13,1769.69,Red,Far Red,316.27,149,9,6180_149_9,0,I,6,warm,
59,2018-04-23_174015,RNA High sensitivity,Sample_#180423-174136,4/23/18 17:41,201,ng/mL,8.04,ng/uL,5,40,89.95,1891.37,Red,Far Red,897.6,409,26,6103_409_26,1,I,1,cold,
60,2018-04-23_174015,RNA High sensitivity,Sample_#180423-174126,4/23/18 17:41,167,ng/mL,6.68,ng/uL,5,40,89.95,1891.37,Red,Far Red,761.32,215,12,6103_215_12,1,I,1,cold,
61,2018-04-23_174015,RNA High sensitivity,Sample_#180423-174117,4/23/18 17:41,21,ng/mL,0.84,ng/uL,5,40,89.95,1891.37,Red,Far Red,166.1,253,12,6215_457_12,1,I,3,cold,
62,2018-04-23_174015,RNA High sensitivity,Sample_#180423-174108,4/23/18 17:41,28.9,ng/mL,1.16,ng/uL,5,40,89.95,1891.37,Red,Far Red,197.48,23,9,6215_23_9,1,I,3,cold,
63,2018-04-23_174015,RNA High sensitivity,Sample_#180423-174058,4/23/18 17:40,206,ng/mL,8.24,ng/uL,5,40,89.95,1891.37,Red,Far Red,916.35,444,26,6209_444_26,1,I,3,cold,
64,2018-04-23_174015,RNA High sensitivity,Sample_#180423-174047,4/23/18 17:40,120,ng/mL,4.8,ng/uL,5,40,89.95,1891.37,Red,Far Red,571.61,251,12,6209_251_12,1,I,3,cold,
65,2018-04-23_174015,RNA High sensitivity,Sample_#180423-174037,4/23/18 17:40,147,ng/mL,5.88,ng/uL,5,40,89.95,1891.37,Red,Far Red,682.22,125,9,6209_125_9,1,I,3,cold,
66,2018-04-23_180128,RNA High sensitivity,Sample_#180423-180254,4/23/18 18:02,155,ng/mL,6.2,ng/uL,5,40,90,1716.83,Red,Far Red,655.47,230,12,6198_230_12,1,I,2,cold,
67,2018-04-23_180128,RNA High sensitivity,Sample_#180423-180243,4/23/18 18:02,23,ng/mL,0.92,ng/uL,5,40,90,1716.83,Red,Far Red,164.05,435,26,6208_435_26,1,I,2,cold,
68,2018-04-23_180128,RNA High sensitivity,Sample_#180423-180233,4/23/18 18:02,53.1,ng/mL,2.12,ng/uL,5,40,90,1716.83,Red,Far Red,276.36,229,12,6208_229_12,1,I,2,cold,
69,2018-04-23_180128,RNA High sensitivity,Sample_#180423-180223,4/23/18 18:02,77.6,ng/mL,3.1,ng/uL,5,40,90,1716.83,Red,Far Red,368.3,106,9,6208_106_9,1,I,2,cold,
70,2018-04-23_180128,RNA High sensitivity,Sample_#180423-180214,4/23/18 18:02,125,ng/mL,5,ng/uL,5,40,90,1716.83,Red,Far Red,543.81,412,26,6207_412_26,1,I,1,cold,
71,2018-04-23_180128,RNA High sensitivity,Sample_#180423-180204,4/23/18 18:02,117,ng/mL,4.68,ng/uL,5,40,90,1716.83,Red,Far Red,517.21,202,12,6207_202_12,1,I,1,cold,
72,2018-04-23_180128,RNA High sensitivity,Sample_#180423-180153,4/23/18 18:01,133,ng/mL,5.32,ng/uL,5,40,90,1716.83,Red,Far Red,575.64,128,9,6207_128_9,1,I,1,cold,
73,2018-04-24_143209,RNA High sensitivity,Sample_#180424-143242,4/24/18 14:32,161,ng/mL,6.44,ng/uL,5,40,85.61,1618.95,Red,Far Red,637.31,247,12,6138_247_12,0,I,3,cold,
74,2018-04-24_143209,RNA High sensitivity,Sample_#180424-143230,4/24/18 14:32,66.6,ng/mL,2.66,ng/uL,5,40,85.61,1618.95,Red,Far Red,308.99,80,9,6138_80_9,0,I,3,cold,
75,2018-04-24_145028,RNA High sensitivity,Sample_#180424-145153,4/24/18 14:51,44.2,ng/mL,1.77,ng/uL,5,40,87.4,1553.23,Red,Far Red,225.44,440,26,6117_440_26,0,I,2,cold,
76,2018-04-24_145028,RNA High sensitivity,Sample_#180424-145143,4/24/18 14:51,44.1,ng/mL,1.76,ng/uL,5,40,87.4,1553.23,Red,Far Red,225.15,225,12,6117_225_12,0,I,2,cold,
77,2018-04-24_145028,RNA High sensitivity,Sample_#180424-145130,4/24/18 14:51,0,ng/mL,0,ng/uL,5,40,87.4,1553.23,Red,Far Red,103.55,42,9,6117_42_9,0,I,2,cold,
78,2018-04-24_145028,RNA High sensitivity,Sample_#180424-145121,4/24/18 14:51,141,ng/mL,5.64,ng/uL,5,40,87.4,1553.23,Red,Far Red,550.09,419,26,6113_419_26,0,I,1,cold,
79,2018-04-24_145028,RNA High sensitivity,Sample_#180424-145111,4/24/18 14:51,88.7,ng/mL,3.55,ng/uL,5,40,87.4,1553.23,Red,Far Red,375.88,214,12,6113_214_12,0,I,1,cold,
80,2018-04-24_145028,RNA High sensitivity,Sample_#180424-145101,4/24/18 14:51,54.8,ng/mL,2.19,ng/uL,5,40,87.4,1553.23,Red,Far Red,261.19,78,9,6113_78_9,0,I,1,cold,
81,2018-04-24_145028,RNA High sensitivity,Sample_#180424-145051,4/24/18 14:50,154,ng/mL,6.16,ng/uL,5,40,87.4,1553.23,Red,Far Red,593.25,453,26,6138_453_26,0,I,3,cold,
82,2018-04-25_142113,RNA High sensitivity,Sample_#180425-142134,4/25/18 14:21,147,ng/mL,5.88,ng/uL,5,40,89.38,1757.87,Red,Far Red,639.45,496,26,6166_496_26,0,I,8,ambient,
83,2018-04-28_154149,RNA High sensitivity,Sample_#180428-154338,4/28/18 15:43,40.5,ng/mL,1.62,ng/uL,5,40,89.7,1828.43,Red,Far Red,238.81,510,26,6186_510_26,0,I,9,ambient,
84,2018-04-28_154149,RNA High sensitivity,Sample_#180428-154328,4/28/18 15:43,87.8,ng/mL,3.51,ng/uL,5,40,89.7,1828.43,Red,Far Red,428.18,487,26,6185_487_26,0,I,8,ambient,
85,2018-04-28_154149,RNA High sensitivity,Sample_#180428-154318,4/28/18 15:43,132,ng/mL,5.28,ng/uL,5,40,89.7,1828.43,Red,Far Red,602.55,470,26,6181_470_26,0,I,7,ambient,
86,2018-04-28_154149,RNA High sensitivity,Sample_#180428-154308,4/28/18 15:43,75.8,ng/mL,3.03,ng/uL,5,40,89.7,1828.43,Red,Far Red,379.98,306,12,6186_306_12,0,I,9,ambient,
87,2018-04-28_154149,RNA High sensitivity,Sample_#180428-154258,4/28/18 15:42,65.6,ng/mL,2.62,ng/uL,5,40,89.7,1828.43,Red,Far Red,339.17,336,12,6185_336_12,0,I,8,ambient,
88,2018-04-28_154149,RNA High sensitivity,Sample_#180428-154247,4/28/18 15:42,83,ng/mL,3.32,ng/uL,5,40,89.7,1828.43,Red,Far Red,408.99,355,12,6181_355_12,0,I,7,ambient,
89,2018-04-28_154149,RNA High sensitivity,Sample_#180428-154236,4/28/18 15:42,85.3,ng/mL,3.41,ng/uL,5,40,89.7,1828.43,Red,Far Red,418.04,171,9,6186_171_9,0,I,9,ambient,
90,2018-04-28_154149,RNA High sensitivity,Sample_#180428-154225,4/28/18 15:42,110,ng/mL,4.4,ng/uL,5,40,89.7,1828.43,Red,Far Red,515,145,9,6185_145_9,0,I,8,ambient,
91,2018-04-28_154149,RNA High sensitivity,Sample_#180428-154215,4/28/18 15:42,41,ng/mL,1.64,ng/uL,5,40,89.7,1828.43,Red,Far Red,240.97,175,9,6181_175_9,0,I,7,ambient,
92,2018-04-29_175738,RNA High sensitivity,Sample_#180429-175928,4/29/18 17:59,188,ng/mL,7.52,ng/uL,5,40,89.64,1451.8,Red,Far Red,661.47,414,26,6167_414_26,0,I,1,cold,
93,2018-04-29_175738,RNA High sensitivity,Sample_#180429-175919,4/29/18 17:59,126,ng/mL,5.04,ng/uL,5,40,89.64,1451.8,Red,Far Red,472.83,436,26,6154_436_26,0,I,2,cold,
94,2018-04-29_175738,RNA High sensitivity,Sample_#180429-175907,4/29/18 17:59,91.1,ng/mL,3.64,ng/uL,5,40,89.64,1451.8,Red,Far Red,364.96,421,26,6147_421_26,0,I,1,cold,
95,2018-04-29_175738,RNA High sensitivity,Sample_#180429-175858,4/29/18 17:58,46.9,ng/mL,1.88,ng/uL,5,40,89.64,1451.8,Red,Far Red,226.28,207,12,6167_207_12,0,I,1,cold,
96,2018-04-29_175738,RNA High sensitivity,Sample_#180429-175848,4/29/18 17:58,59.4,ng/mL,2.38,ng/uL,5,40,89.64,1451.8,Red,Far Red,265.67,232,12,6154_232_12,0,I,2,cold,
97,2018-04-29_175738,RNA High sensitivity,Sample_#180429-175836,4/29/18 17:58,89.9,ng/mL,3.6,ng/uL,5,40,89.64,1451.8,Red,Far Red,361.33,204,12,6147_204_12,0,I,1,cold,
98,2018-04-29_175738,RNA High sensitivity,Sample_#180429-175826,4/29/18 17:58,135,ng/mL,5.4,ng/uL,5,40,89.64,1451.8,Red,Far Red,502.53,45,9,6167_45_9,0,I,1,cold,
99,2018-04-29_175738,RNA High sensitivity,Sample_#180429-175815,4/29/18 17:58,52.5,ng/mL,2.1,ng/uL,5,40,89.64,1451.8,Red,Far Red,243.76,68,9,6154_68_9,0,I,2,cold,
100,2018-04-29_175738,RNA High sensitivity,Sample_#180429-175802,4/29/18 17:58,0,ng/mL,0,ng/uL,5,40,89.64,1451.8,Red,Far Red,100.68,30,9,6147_30_9,0,I,1,cold,replace crab
101,2018-05-01_142715,RNA High sensitivity,Sample_#180501-142908,5/1/18 14:29,128,ng/mL,5.12,ng/uL,5,40,88.87,1459.43,Red,Far Red,482.6,482,26,6193_482_26,1,I,8,ambient,
102,2018-05-01_142715,RNA High sensitivity,Sample_#180501-142858,5/1/18 14:28,70.7,ng/mL,2.83,ng/uL,5,40,88.87,1459.43,Red,Far Red,301.54,463,26,6192_463_26,1,I,7,ambient,
103,2018-05-01_142715,RNA High sensitivity,Sample_#180501-142848,5/1/18 14:28,36,ng/mL,1.44,ng/uL,5,40,88.87,1459.43,Red,Far Red,192.41,513,26,6184_513_26,1,I,9,ambient,
104,2018-05-01_142715,RNA High sensitivity,Sample_#180501-142838,5/1/18 14:28,152,ng/mL,6.08,ng/uL,5,40,88.87,1459.43,Red,Far Red,554.12,333,12,6193_333_12,1,I,8,ambient,
105,2018-05-01_142715,RNA High sensitivity,Sample_#180501-142827,5/1/18 14:28,142,ng/mL,5.68,ng/uL,5,40,88.87,1459.43,Red,Far Red,523.83,359,12,6192_359_12,1,I,7,ambient,
106,2018-05-01_142715,RNA High sensitivity,Sample_#180501-142815,5/1/18 14:28,71,ng/mL,2.84,ng/uL,5,40,88.87,1459.43,Red,Far Red,302.37,318,12,6184_318_12,1,I,9,ambient,
107,2018-05-01_142715,RNA High sensitivity,Sample_#180501-142805,5/1/18 14:28,84,ng/mL,3.36,ng/uL,5,40,88.87,1459.43,Red,Far Red,343.77,174,9,6193_174_9,1,I,8,ambient,
108,2018-05-01_142715,RNA High sensitivity,Sample_#180501-142746,5/1/18 14:27,650,ng/mL,26,ng/uL,5,40,88.87,1459.43,Red,Far Red,1767.05,178,9,6192_178_9,1,I,7,ambient,
109,2018-05-01_142715,RNA High sensitivity,Sample_#180501-142736,5/1/18 14:27,127,ng/mL,5.08,ng/uL,5,40,88.87,1459.43,Red,Far Red,479.58,148,9,6184_148_9,1,I,9,ambient,
110,2018-05-02_130729,RNA High sensitivity,Sample_#180502-130851,5/2/18 13:08,109,ng/mL,4.36,ng/uL,5,40,88.26,1747.03,Red,Far Red,491.3,497,26,6127_497_26,0,I,8,ambient,
111,2018-05-02_130729,RNA High sensitivity,Sample_#180502-130834,5/2/18 13:08,388,ng/mL,15.5,ng/uL,5,40,88.26,1747.03,Red,Far Red,1437.18,504,26,6214_504_26,1,I,9,ambient,
112,2018-05-02_130729,RNA High sensitivity,Sample_#180502-130824,5/2/18 13:08,86.4,ng/mL,3.46,ng/uL,5,40,88.26,1747.03,Red,Far Red,405.69,335,12,6127_335_12,0,I,8,ambient,
113,2018-05-02_130729,RNA High sensitivity,Sample_#180502-130814,5/2/18 13:08,51.2,ng/mL,2.05,ng/uL,5,40,88.26,1747.03,Red,Far Red,271.19,311,12,6214_311_12,1,I,9,ambient,
114,2018-05-02_130729,RNA High sensitivity,Sample_#180502-130803,5/2/18 13:08,132,ng/mL,5.28,ng/uL,5,40,88.26,1747.03,Red,Far Red,579.31,73,9,6171_73_9,0,I,2,cold,
115,2018-05-02_130729,RNA High sensitivity,Sample_#180502-130754,5/2/18 13:07,64.8,ng/mL,2.59,ng/uL,5,40,88.26,1747.03,Red,Far Red,323.28,107,9,6214_107_9,1,I,9,ambient,